<?xml version='1.0' encoding='UTF-8'?>
<!DOCTYPE hibernate-configuration PUBLIC
          "-//Hibernate/Hibernate Configuration DTD 3.0//EN"
          "http://www.hibernate.org/dtd/hibernate-configuration-3.0.dtd">
<!-- Generated by MyEclipse Hibernate Tools.                   -->
<hibernate-configuration>

	<session-factory>
		<property name="dialect">
			org.hibernate.dialect.MySQLDialect
		</property>
		<property name="connection.url">
			jdbc:mysql://localhost:3306/school_hibernate
		</property>
		<property name="connection.username">root</property>
		<property name="connection.password">99999</property>
		<property name="connection.driver_class">
			com.mysql.jdbc.Driver
		</property>
		<property name="myeclipse.connection.profile">
			students
		</property>
		<property name="hibernate.show_sql">true</property>
		<property name="hibernate.format_sql">true</property>
		<mapping class="com.jzfactory.jd.bean.Clasz" />
		<mapping class="com.jzfactory.jd.bean.Score" />
		<mapping class="com.jzfactory.jd.bean.Course" />
		<mapping class="com.jzfactory.jd.bean.Master" />
		<mapping class="com.jzfactory.jd.bean.Student" />
		<mapping class="com.aBlack" />

	</session-factory>

</hibernate-configuration>